{"cameraMode":{"drawMode":0,"name":"Shaded","section":"Shading Mode"},"sceneLighting":false,"audioPlay":false,"sceneViewState":{"showFog":true,"showMaterialUpdate":false,"showSkybox":true,"showFlares":true,"showImageEffects":true,"showParticleSystems":true},"in2DMode":false,"pivot":{"x":13.701883316040039,"y":0.26499998569488528,"z":10.497418403625489},"rotation":{"x":0.13369205594062806,"y":0.7286255359649658,"z":-0.14870397746562959,"w":0.6550713777542114},"size":0.23334571719169618,"orthographic":false}