{"cameraMode":{"drawMode":0,"name":"Shaded","section":"Shading Mode"},"sceneLighting":true,"audioPlay":false,"sceneViewState":{"showFog":true,"showMaterialUpdate":false,"showSkybox":true,"showFlares":true,"showImageEffects":true,"showParticleSystems":true},"in2DMode":false,"pivot":{"x":0.9538006782531738,"y":2.7209091186523439,"z":-14.228689193725586},"rotation":{"x":0.2669945955276489,"y":-0.10209649801254273,"z":0.028455400839447976,"w":0.9578520059585571},"size":51.69292068481445,"orthographic":false}